166c26f7,4425a255
7f699219,4d0b9458
1ed6efb3,74fef2a1
b526b96c,df45c768
0f09c820,2f9cbef6
496ef988,df45c768
0bb3488b,74fef2a1
e50fec5a,d499daf2
fb88780e,e96cd870
14d6864e,2ba52570
6c796771,ee8380e4
a9226e9b,50a820d9
6c9f314d,e12d66fb
e50fec5a,44ea98c1
206913e7,653ca758
cd9e234b,df45c768
b65b2822,e12d66fb
e50fec5a,53327198
7ff5c566,4d0b9458
387e6ecf,87cd8486
aede8930,74fef2a1
2855d0e8,3992cfeb
0d50abf6,4425a255
149135dc,6becc343
c2582e93,dbe4f281
3f8f1113,d9322926
8ec036b5,a86ef073
4dcb61d3,d9a94db8
c3b731f5,0ccffeac
2855d0e8,4e71c540
aaa570a2,7fe41762
0427ea56,79234fe7
c4cd7759,83ee75ae
e50fec5a,d9a94db8
c9c7f96e,e83b9b9b
d468bf85,d9322926
a754cd94,8e35fa0c
9ea81272,74fef2a1
c912bbad,71fd294f
77525728,82b060bf
a20510c1,74fef2a1
5e18f470,d9a94db8
e29bee1a,99b9c3b5
4b46ae31,236ac4bc
bdce780d,537d9d85
5e8d0d13,e12d66fb
e0b9bc9b,94d5f4a9
cce172a9,534df1b9
a9226e9b,e83b9b9b
bdce780d,5c4dc2fe
9f967a62,f3d822a8
d468bf85,0f16bd5e
3436eab6,3dd83eef
6621dd69,34744863
b88cc6f1,e20fc6c9
83e55388,d6358148
14d6864e,4e71c540
aeaafc5a,3da57a0b
c71757ad,d5453909
ddb93f37,0d80bf70
bdce780d,56f15919
fede0d24,d9a94db8
5e8d0d13,bd70ca58
6c9f314d,d9a94db8
c02471ad,561f1876
39173519,f02ae02c
58981e64,1f47c387
e7d01c52,4d45a5fa
d1c32f8d,e96cd870
bdce780d,2f9cbef6
d2fc89e4,4033d8f1
19fcb8aa,17a1699a
04499e13,7faa51fb
19fcb8aa,2a2c386c
ff6f4f8a,6ffadda6
3efb2bb9,3a46617d
66e2a965,e12d66fb
e826de5e,73cc1b2f
aaa570a2,e7f9ab8c
c0c76d5b,e96cd870
8bd56cda,87d2573c
2a1d1fae,6d4f5ec6
ddb93f37,778e1270
a295b5ae,4e000b96
a0c21b66,7e3d55fa
ba9eabd1,044257ae
577c452d,d9322926
298d291d,4e71c540
45629c71,4223bff9
e267d99b,87fbaa1b
e50fec5a,6188ae8a
638f015b,f305104d
1e9dee01,4d45a5fa
18af3cd0,76e54963
0575839a,7e3d55fa
21aff566,f8dbf93a
bdce780d,7add9ed5
4cff65aa,7faa51fb
490e9710,74fef2a1
b315a849,a618d733
fba59ff7,4d0b9458
ee73b8b3,2fda2937
638f015b,12f65c0d
1601cc5d,dd469a7a
9e482e67,d8b09d5d
0f173885,58876d26
28d05abf,4d45a5fa
6f0498a7,172fee0f
638f015b,f143aa4f
fcf36a4d,48940c71
3efb2bb9,7fe41762
1ee2793b,4e71c540
dfe01d64,e82ce992
9eeaf8ad,67f67d79
496ef988,d9a94db8
4e98b0ba,4d0b9458
07169b81,47452f61
038e7789,d9322926
4732ea01,76f25533
3efb2bb9,952c271c
773b8cba,c625a26f
ff6f4f8a,ff43fd62
c912bbad,7faa51fb
d3a8fa55,61d743c6
