16fe2cdf,aafe6c25
2dc9e5c7,d70108eb
08f21b69,14641d80
e18ef7aa,a0635895
ee2c0162,528c98f5
3b98667d,cc7de90e
0c0df578,7d58d22d
c5c46f21,d581c716
7f044b65,14641d80
43e9baed,d70108eb
22210d3a,d70108eb
c4cd7759,d70108eb
332652c4,48bcfeff
ff7dc384,d70108eb
4b0a60c1,56cea5c2
3277ef56,aafe6c25
9da1a14b,d70108eb
b53dfc3a,d70108eb
0dbd2ff5,aafe6c25
82318faf,fb53536a
d7fa1ed1,aafe6c25
9c6fe46f,aafe6c25
ca8b191f,a7d1d643
1a043517,d70108eb
0a615872,d70108eb
0d8bd878,48bcfeff
f5fcd6f3,aafe6c25
946f332f,d70108eb
be5b7a7a,d70108eb
0c0df578,08776796
230e1248,08776796
d4fb447e,aafe6c25
b798c0d9,8113139f
ba9eabd1,d70108eb
4b8ffcc2,aafe6c25
624feaff,aafe6c25
2f346377,3f1092b3
f8dfd28e,56cea5c2
f13d93dc,aafe6c25
49bb6720,d70108eb
9576bb3d,08776796
7558f55c,aafe6c25
7f044b65,5da6e95f
66d629f4,414ac994
9db1ef72,d70108eb
a52cfdd8,aafe6c25
c680949a,aafe6c25
2a7d93de,48bcfeff
00f6e1ce,d70108eb
9381ea26,8f3301f6
13e28021,d70108eb
633fea49,d70108eb
faccffef,d70108eb
8f0bb8a1,d70108eb
ae3c0140,d70108eb
bd464d28,aafe6c25
8bd56cda,d70108eb
0d37937c,d70108eb
db391a28,08776796
5a02d8b9,d70108eb
e511c882,aafe6c25
6555c984,528c98f5
4a1dbc84,d70108eb
a69fcb35,aafe6c25
232e5dc0,d70108eb
bf1cfada,aafe6c25
fb5a4a8d,d70108eb
677353ed,7d58d22d
ccf9ac63,d70108eb
b02a3640,aafe6c25
8ec2cb8b,7f0724b0
73b2bbc6,d70108eb
aed7cd48,e463d367
c1182a05,d70108eb
2bdbbefd,aafe6c25
89b39669,d70108eb
238af51e,d70108eb
e2098d8c,d70108eb
33a5aa26,aafe6c25
06184c00,14641d80
258e861b,8de71be1
e6579532,528c98f5
dd551ab8,d70108eb
87769cee,aafe6c25
9c2583a6,aafe6c25
9dd8c9b8,aafe6c25
c2090c74,528c98f5
05009109,d70108eb
23b91b9a,a0635895
7f49490f,d70108eb
a0fcdfa9,d70108eb
a04bf29e,14641d80
c33947d3,aafe6c25
64205d22,d70108eb
284c1230,d581c716
00e28825,d70108eb
33d0f463,08776796
2118b2a4,d70108eb
7c0229f6,5a76b5f8
c21c8a88,d70108eb
fbaca7b4,aafe6c25
babcbf9f,aafe6c25
e4a1ddb2,d70108eb
9bfe49be,528c98f5
1fad6979,aafe6c25
c21f63c8,d70108eb
4e46a1e2,d70108eb
9c8d2212,8e49140c
8de4ae04,14641d80
df79443c,aafe6c25
9d1fc050,8de71be1
da6da185,8e49140c
20f59e5b,aafe6c25
19c805de,d70108eb
284c1230,56cea5c2
4e69d5e2,d70108eb
56bf5c84,08776796
ee73b8b3,528c98f5
79fa3471,aafe6c25
0327dd75,aafe6c25
2f0082f5,d70108eb
c426fc6c,14641d80
65316d25,f78b5c1e
05009109,56cea5c2
f1ae7b90,d581c716
ec664216,14641d80
c2f3970a,aafe6c25
e6557c38,5a76b5f8
6e5482af,aafe6c25
959fbb40,287e0ba6
2ea222d9,d70108eb
0efbbf42,aafe6c25
3be4ae4e,7d58d22d
489ebe5e,528c98f5
9b0142e8,d70108eb
ac3e517e,aafe6c25
8f5dffad,56cea5c2
832ab280,681fd13e
32ea4c5c,d70108eb
572fc665,d70108eb
d5bd7fa7,d70108eb
2c92dc4a,a0635895
f5be198f,d70108eb
d9cc7eb4,d70108eb
857f8001,08776796
8a1412cb,d70108eb
cae4345c,d70108eb
389684f6,9b152331
43ab4da7,d70108eb
e193c1a3,14641d80
7c0155ce,d70108eb
d8350f31,7290d9e4
c0e05ff5,d70108eb
8261de90,aafe6c25
040a291c,aafe6c25
43b26b25,08776796
5a6b76c8,d70108eb
9c8d2212,d70108eb
d1c32f8d,d70108eb
0327dd75,14641d80
537460ac,d70108eb
135c2a0a,a7d1d643
85f93aab,aafe6c25
21e7d18e,aafe6c25
a3749f13,14641d80
f603fe0c,aafe6c25
62f6b2a5,528c98f5
deda755d,d70108eb
74b80253,d70108eb
95dcae30,aafe6c25
e9d64e63,99d6e276
843be1fb,f0ad94e1
36142ea8,aafe6c25
0501277d,aafe6c25
d76e092f,14641d80
29642108,aafe6c25
13da40fd,d70108eb
fafc94da,56cea5c2
7b3f1aeb,d70108eb
839b7298,d70108eb
78eb7af5,55a4f420
91d9ea7f,d70108eb
06ccf2cf,97a090f5
733f29a2,14641d80
ddc6c501,3f1092b3
19f00f56,aafe6c25
ce0f79b7,14641d80
0f711e99,aafe6c25
c9ca02f5,14641d80
62f6b2a5,5c035060
e111b08b,aafe6c25
d92c489e,aafe6c25
8d44a13d,aafe6c25
7fb972bd,8e49140c
daf9db1a,528c98f5
6a371359,528c98f5
d0865eb4,3f1092b3
60914955,d581c716
67990aca,aafe6c25
63547e9e,c0cb38be
5115211a,d70108eb
c3c7be2a,56cea5c2
7066d93a,7290d9e4
8d95878e,d70108eb
f384788d,d70108eb
0f386fe0,d581c716
278d2bde,528c98f5
d8cc5668,d70108eb
3592a1b9,414ac994
7e498187,aafe6c25
89534e65,d70108eb
20af9d94,d70108eb
8704a1e8,3c121e21
4e366972,d70108eb
da44231c,d623e88e
e5127671,c0cb38be
c2848d37,14641d80
20bff56f,d70108eb
140f0960,d70108eb
46ca80a6,4af55a56
ba158e3d,528c98f5
03962927,14641d80
5eaaa5cb,c0cb38be
db89fbb4,7d58d22d
37070118,d70108eb
da6b088c,d70108eb
278d2bde,d70108eb
a5f365a0,d70108eb
517cbf6d,7d58d22d
5a1c375c,aafe6c25
b2c223a8,7290d9e4
b7807f23,d70108eb
cb2ca42a,a0635895
d998d200,aafe6c25
9abcce29,d70108eb
7f2ffaca,d70108eb
284c1230,7290d9e4
4c87076b,5a76b5f8
4d69ab35,d70108eb
93fa334a,7f0724b0
3f219544,55a4f420
73b30b8f,08776796
e9d64e63,528c98f5
946f332f,5a76b5f8
d64325b3,aafe6c25
b9121264,4ae6ab90
86b0a3de,7290d9e4
feb032c2,d70108eb
ef0a98fe,d70108eb
9d0ce662,d70108eb
9212cad5,d70108eb
a7030440,d70108eb
b943b5ab,08776796
a298e772,a7d1d643
8121c79e,d70108eb
74d6e94b,d6d6b7ae
474dce45,528c98f5
67d4672e,d70108eb
3d4e9390,4fb28951
0327dd75,d70108eb
63c305d0,aafe6c25
fbd46364,287e0ba6
87a30588,a53cd7f6
a8faa589,55a4f420
8b982c91,aafe6c25
d35a776d,8e2b1a11
95835218,14641d80
1a6157ee,5a76b5f8
d33b4ca8,6f089721
d0a91c55,aafe6c25
68f0d8a6,08776796
c6645eb1,d70108eb
4836d61c,d70108eb
7f49490f,6f089721
6380d03a,d70108eb
8595e651,d70108eb
8e9480e6,5a76b5f8
959fbb40,7290d9e4
db87939b,7f0724b0
4770049a,d70108eb
7307230e,d70108eb
996f3234,14641d80
50ab46eb,d70108eb
27075c82,681fd13e
81769e54,d70108eb
ae288ecc,d581c716
55bbacc1,d70108eb
39fe5f0e,d70108eb
0c67f9a1,d70108eb
ab26398d,75df1f46
64bbfbbf,aafe6c25
08f21b69,46128664
82318faf,4326e7ea
83be9e9e,4ae6ab90
e3b7c6ca,d70108eb
2395efbd,14641d80
da6b088c,08776796
b26f7d58,d70108eb
8fb9e820,d581c716
af62a9b1,528c98f5
00312f12,d70108eb
d0a101ab,5a76b5f8
cd4391f9,d70108eb
dfc4fe45,aafe6c25
b7d7072a,d70108eb
08a22f3e,aafe6c25
66b57c9a,d70108eb
4f90e278,d70108eb
fbd46364,cb54b34e
f15b09e0,aafe6c25
6c8d9d7f,aafe6c25
17e00290,d70108eb
23a577c1,528c98f5
acfe8e13,d70108eb
3f18b1e3,d70108eb
49f87956,7290d9e4
38971bec,aafe6c25
9bf576ff,d70108eb
be6c29e5,d70108eb
995871a2,08776796
ef78fa29,528c98f5
35e27aaf,d70108eb
beea98bb,56cea5c2
4f6061b2,6ed4dac9
7a4da615,46128664
0a366637,d70108eb
f68bf9c1,681fd13e
8dd74d62,f0ad94e1
642b3003,a0635895
08f21b69,d70108eb
81627d57,7c7e1e84
5d4b7ff5,14641d80
74bc571c,aafe6c25
c948895f,aafe6c25
6cd67b06,331c404d
2ea222d9,528c98f5
838d44e2,14641d80
75ff249e,3f1092b3
8a3a0615,aafe6c25
588b2612,d70108eb
37f8c03c,14641d80
8df48961,aafe6c25
18700978,d70108eb
a0d9704e,d581c716
56c2f17b,d581c716
efa91111,d70108eb
857f8001,aafe6c25
8009e659,8a8a2a79
52bc51c4,aafe6c25
74473d09,aafe6c25
a8db6b37,d70108eb
f52f2bd6,14641d80
fc4a566f,aafe6c25
1cee4f7c,aafe6c25
04b41c54,d70108eb
243e44f2,372122c4
40837f9f,d70108eb
2deba734,d70108eb
059a4d9b,aafe6c25
f14a749b,5a76b5f8
9a466eaa,a7d1d643
f1172e40,528c98f5
8a9d68de,d70108eb
fc2daf7e,d70108eb
fb1b6048,46128664
0fd9dd1d,d70108eb
802c956d,528c98f5
3843040f,d70108eb
01e6e5e6,14641d80
f6a9bfa4,8e2b1a11
905f15db,effe04ee
d1a77a33,d70108eb
67d4672e,56cea5c2
5a923dcf,d70108eb
e78009f3,aafe6c25
e0094804,aafe6c25
4b57835a,7d58d22d
2db768b0,aafe6c25
397436a6,d70108eb
2410619a,14641d80
77dd8deb,528c98f5
8a8fb450,5a76b5f8
e3eac663,d70108eb
c1e1de91,aafe6c25
4090049b,d70108eb
72ef4eb0,aafe6c25
5fd54c57,55a4f420
97479fd6,d581c716
6034b043,aafe6c25
28b4b860,d70108eb
e4e8c786,aafe6c25
9d1be8f8,aafe6c25
7f0133a4,08776796
4e46a1e2,5a76b5f8
26106ad4,14641d80
1fe2d6a2,d70108eb
7f81b253,aafe6c25
8ff8a928,d70108eb
542e577f,44bc515a
9a4bf9b5,d70108eb
3d0c8d1b,d70108eb
edd99b5b,d70108eb
fcf09ba6,d70108eb
ee3dcccd,aafe6c25
68ed8d91,d70108eb
12ebceac,d70108eb
a9226e9b,d70108eb
c188ac80,aafe6c25
b4bc8a79,d70108eb
97edcbc6,d70108eb
db5340a2,14641d80
25debf78,d70108eb
e193c1a3,8f3301f6
4f411506,08776796
223ac6df,d70108eb
7bb1e897,d70108eb
046f147a,d70108eb
702d8462,d70108eb
c9114676,7d58d22d
6f42c5b9,d70108eb
17e00290,528c98f5
77f74107,528c98f5
037eb152,7290d9e4
11087c19,d70108eb
26f5553a,d70108eb
5f1ac040,d70108eb
0c0df578,528c98f5
168c0490,d70108eb
d095f355,aafe6c25
cb10968c,d70108eb
2c70c202,aafe6c25
e436c29a,a7d1d643
be76f00b,52d35cee
85eef2fd,08776796
245ef38f,14641d80
e15c5316,aafe6c25
7b1b142f,d70108eb
a8a4b9e0,d70108eb
fa320cc5,aafe6c25
22afa184,d70108eb
4c87076b,8de71be1
812e59f6,aafe6c25
aa052a7b,aafe6c25
5971e996,aafe6c25
e193c1a3,7f0724b0
f3debf3b,aafe6c25
68f659e4,aafe6c25
4aee62a1,d70108eb
2057cefa,46128664
5aefdd0e,aafe6c25
8dd74d62,75df1f46
3eef36f4,d70108eb
6c24aa60,8f3301f6
91a1eb44,aafe6c25
4d8a6e03,d70108eb
be76f00b,30abb4f6
54cc8345,aafe6c25
b65b3a81,d70108eb
68c165d9,aafe6c25
6d3daa3e,d70108eb
f9be974c,56cea5c2
e8521f7e,d70108eb
b84cb8ce,14641d80
5bbc5f41,c0cb38be
7876076e,14641d80
3cdfafcc,d70108eb
becc3b41,aafe6c25
e563f7f8,7290d9e4
9d3df4e7,14641d80
3e06c384,5a76b5f8
30d28672,528c98f5
798bb8e2,56cea5c2
1e88751c,aafe6c25
8203e8bb,aafe6c25
2c5a9657,aafe6c25
14a31529,681fd13e
339a98f7,528c98f5
1ad59539,d70108eb
25c03754,528c98f5
4d5a48dc,d70108eb
17513f52,528c98f5
ff67bea5,d70108eb
829ee868,5ac6eab8
71371167,aafe6c25
b90055fa,d70108eb
ec3d6020,99d6e276
ee01f2c3,d70108eb
293fb115,d70108eb
2d721ea0,d70108eb
cff91e07,6f089721
eb335216,8f3301f6
59c72967,d70108eb
ac48ebcf,681fd13e
9e2927bb,d70108eb
1fda81c5,aafe6c25
ff3e6472,90b7169d
7baacbf5,5a76b5f8
fb46f86d,d70108eb
8a234d4f,14641d80
a68e308e,c0cb38be
8431b295,08776796
3882ad5e,7d58d22d
48994c61,aafe6c25
7f2b80f5,aafe6c25
5c34f539,5a76b5f8
30c59b26,14641d80
5055cb63,14641d80
5e35c559,aafe6c25
2f8c8fc7,d70108eb
828a687d,aafe6c25
b5e55d8b,d70108eb
8aa1e203,aafe6c25
62875485,d70108eb
a791b50d,d70108eb
51217501,aafe6c25
d34b4f84,d6d6b7ae
08dba1c1,5b95f1f4
21d12703,528c98f5
8eb913ed,99d6e276
e9880831,aafe6c25
35f71662,8a8a2a79
a7fc9b08,d70108eb
278d2bde,14641d80
a275f267,aafe6c25
63c5e2d4,aafe6c25
e659c95b,5feb71e6
4c87076b,d70108eb
51110d13,964aaa54
286f4aa3,d581c716
5e574d5a,d70108eb
1a67ecc3,aafe6c25
c461108c,d70108eb
b77a6bc2,aafe6c25
d7c81b9e,aafe6c25
e7b4a770,528c98f5
915ef20d,528c98f5
7cac306e,aafe6c25
cc317763,d70108eb
a73df41c,d70108eb
28ea8ddd,aafe6c25
30ffba47,14641d80
c39d98cc,d70108eb
b1b1339a,aafe6c25
4c0d164f,d70108eb
2c3b64a7,aafe6c25
21a07c7f,aafe6c25
2a319b6c,aafe6c25
213fb0cb,aafe6c25
c0c76d5b,d70108eb
6c573d5f,aafe6c25
6e300caa,aafe6c25
e30aa421,d70108eb
d06d476f,14641d80
3d2f6f2a,e2ea531f
614ec0df,56cea5c2
3b68a697,d70108eb
9de8bb99,d70108eb
6efe83d2,d70108eb
a1731e55,d70108eb
5d15044a,d70108eb
d9ea2170,d70108eb
efdbc2e6,d70108eb
d2fc89e4,d70108eb
bc7c9f55,d581c716
fd072772,3f1092b3
e2729a65,aafe6c25
43afdf4a,aafe6c25
1283acb9,aafe6c25
30f3ce0f,528c98f5
214e050f,aafe6c25
b2fe61c2,d70108eb
dc62228f,aafe6c25
2248aa0c,d70108eb
ee2c0162,d70108eb
e2ed584b,08776796
c5b9ecf2,08776796
278d2bde,08776796
56d9529a,14641d80
79a0a5a0,56cea5c2
cef25e96,d70108eb
2e5d73d5,687aa306
ae51a9f0,bc5af64e
7ea8b24b,d70108eb
851d8f16,56cea5c2
e511c882,a7d1d643
659e13ca,d70108eb
95632f67,aafe6c25
0f349bd4,aafe6c25
14439dce,6f089721
f10ced18,629f92ac
a5ce3ba8,a0635895
861f46b9,aafe6c25
25c03754,d70108eb
c93550c6,aafe6c25
c3df80ad,d70108eb
74b6d4fa,528c98f5
0d9c0543,aafe6c25
daae4609,aafe6c25
0e2e1155,c0cb38be
0061bf36,d70108eb
487772f5,aafe6c25
7c34dcd6,d70108eb
446a8331,14641d80
d0a101ab,d70108eb
2f0082f5,a0635895
b9bd1591,aafe6c25
83bf0e78,aafe6c25
f0dc9717,d70108eb
51f3910f,8de71be1
32443016,d70108eb
5dd21594,aafe6c25
7fb972bd,7d58d22d
432e9a1f,d70108eb
9b701743,7290d9e4
6d5c5975,d70108eb
ecddf19a,14641d80
d270e379,d70108eb
c722a24b,aafe6c25
39fd83e1,aafe6c25
47342c60,5f9a2ce2
1ed6b0a4,aafe6c25
eed291b1,d70108eb
9621a942,aafe6c25
e1ac16d9,5a76b5f8
54150462,14641d80
dcfef23a,aafe6c25
1a4dbbde,14641d80
d0e71710,5a76b5f8
cfbaf5ab,d70108eb
bf3de5d3,aafe6c25
c9b2f9d2,d70108eb
ab506a3d,d70108eb
cbb37b39,14641d80
946f332f,8de71be1
ff49fd35,aafe6c25
e3193c68,14641d80
228dd980,d70108eb
6b9dd786,287e0ba6
e5cea6b1,aafe6c25
ae3f3ed8,aafe6c25
a02d4240,7290d9e4
69f8cc87,bf3da220
ec6806a9,14641d80
0eb60b81,7290d9e4
1441fcff,d70108eb
127b4840,372122c4
298d291d,d70108eb
72c5d912,aafe6c25
9a787dde,d70108eb
e1fb0d41,d70108eb
258e861b,5a76b5f8
adf6be5d,d70108eb
4be3cb22,14641d80
8012ee23,d70108eb
5bbc5f41,aafe6c25
65316d25,5feb71e6
87b82bc1,8de71be1
9ee980d0,aafe6c25
04132d6c,aafe6c25
08d83eff,d581c716
ec5a781f,d70108eb
69f8cc87,67009989
8b10f174,a0635895
b38e2b37,95388d58
2420efe9,8e49140c
4dfc60ee,aafe6c25
ae51a9f0,14641d80
6cfe141a,14641d80
213505cd,528c98f5
2c0dcbbf,08776796
89b39669,08776796
974ec4a4,aafe6c25
e91f71e9,d70108eb
1b79af8a,d70108eb
2f56ec4d,d70108eb
770f7968,14641d80
08d83eff,b7363abe
6bb44ba4,aafe6c25
9a5d2bcd,d70108eb
9e7cfbcf,d70108eb
bcf0864d,528c98f5
6fa3e60f,d70108eb
68c152ac,d70108eb
0f7b9166,aafe6c25
829617eb,d70108eb
4e366972,5a76b5f8
a93ac725,d70108eb
b798c0d9,6ed4dac9
1c5353d0,d70108eb
a2539c45,d70108eb
64fdcc37,aafe6c25
c76975ae,14641d80
13b98a94,681fd13e
5542fd49,d70108eb
dd551ab8,528c98f5
424989bc,aafe6c25
798bb8e2,d70108eb
b0b8a21c,d70108eb
6c24aa60,14641d80
8d1efdc2,aafe6c25
7951e530,aafe6c25
7c4e0efb,d70108eb
0c0df578,681fd13e
0dec4ae6,a7d1d643
96b9357d,14641d80
920a3945,d70108eb
30c44eb4,a0635895
6b06cf3e,d70108eb
b30f0494,14641d80
2ba041b7,8a8a2a79
d1dee7bb,aafe6c25
49ed0294,7290d9e4
5019be8d,d581c716
91b51ce8,56cea5c2
b2c0d489,528c98f5
8595e651,5a76b5f8
f3924c5d,14641d80
f027fcf9,8a8a2a79
6621dd69,14641d80
cc4f81b2,aafe6c25
c3b731f5,aafe6c25
ae3c0140,528c98f5
5145af64,aafe6c25
0e2e1155,aafe6c25
0f07ec26,8775d2f5
5342351d,14641d80
968eba92,d70108eb
127b4840,5a76b5f8
243673bd,d70108eb
ee01f2c3,528c98f5
542e577f,d581c716
fc39ebf3,d70108eb
e051bdde,d70108eb
860341f1,d70108eb
2057cefa,528c98f5
d437f668,d70108eb
34e9c0d4,d70108eb
656a9b32,14641d80
cc6d72bb,aafe6c25
201d3ac8,d70108eb
8d8c4e9a,d70108eb
7c4d2e45,aafe6c25
ff652b0e,aafe6c25
1489f0f5,d70108eb
b2c223a8,d581c716
ba55b1d6,d70108eb
fbd46364,75df1f46
05db55c7,5a76b5f8
3e03cfbe,d581c716
037eed97,46128664
f9a187df,08776796
2fcd23e1,aafe6c25
20c0b37c,d70108eb
08dba1c1,528c98f5
76a5b8da,aafe6c25
a017092d,d70108eb
be76f00b,bf2f4b87
2579b07e,c0cb38be
6696a798,56cea5c2
c6b63fee,d70108eb
ca8b191f,aafe6c25
6783dea3,aafe6c25
39e6f91e,aafe6c25
9b8a30fb,d70108eb
632f9527,331c404d
ad89faec,aafe6c25
b798c0d9,14641d80
4ee12a78,d70108eb
bd0db5f3,aafe6c25
24e813d8,d70108eb
d5a6f47e,d70108eb
e4759adb,d70108eb
a638a3f0,14641d80
d8059a3b,d70108eb
4d6056a9,a0635895
9499da77,d70108eb
57cce9a1,08776796
63547e9e,aafe6c25
b87fbad2,aafe6c25
e394ae59,d70108eb
2bdbbefd,c0cb38be
c7bbea02,aafe6c25
563f5e0e,d70108eb
04cacc04,d70108eb
b124c4ac,d70108eb
90f5ad30,c0cb38be
da6da185,d70108eb
037eed97,6f089721
41b277d2,d70108eb
1c225a72,7c7e1e84
61cd0e2f,14641d80
41a35324,aafe6c25
c2007113,d70108eb
8fb9e820,d70108eb
e8521f7e,5a76b5f8
96b99288,d70108eb
1c436238,5a76b5f8
d7150f4b,aafe6c25
707b3f0e,aafe6c25
b8b34fc0,5a76b5f8
dac26d60,14641d80
5e2d7354,56cea5c2
dd7ac7a4,aafe6c25
aa18608d,d70108eb
0268e855,d70108eb
e5ee2ecc,4ae6ab90
4f2bb761,aafe6c25
05baa66e,14641d80
bec8e4a5,aafe6c25
b9dff23c,528c98f5
e58e4797,3f1092b3
a93ac725,cceac973
7cac306e,a7d1d643
06d667fe,d70108eb
02daaadd,56cea5c2
fb1b6048,d70108eb
54fe018d,d70108eb
fc3bfe37,d70108eb
4ee12a78,8e49140c
32ea4c5c,3f1092b3
addb17ab,aafe6c25
0297793d,aafe6c25
80acdece,d70108eb
af8c3543,d70108eb
db5e6575,8f3301f6
6a204716,14641d80
86a0fec6,d70108eb
bc03095e,aafe6c25
844b6bb4,a7d1d643
97091370,528c98f5
6b791806,56cea5c2
bd32d940,528c98f5
4be3cb22,d70108eb
61537486,aafe6c25
48b6d3df,d70108eb
f3ca3520,aafe6c25
f5203f7d,b4a9e546
0c67f9a1,6f089721
a613865b,5a76b5f8
5d8da30e,95388d58
1fe2d6a2,3f1092b3
4f60f34e,d70108eb
a298e772,aafe6c25
02349e40,d70108eb
9f967a62,d70108eb
7cc404d0,5a76b5f8
9f754498,48bcfeff
d30c7787,08776796
70e64fdc,d70108eb
4c98352b,6f089721
5aa187e2,aafe6c25
d37f91b3,d70108eb
4a18a155,d70108eb
fe893a97,14641d80
ee73ad2e,d70108eb
b3eebd22,331c404d
97189da2,d581c716
a6aaa320,d581c716
37b60986,d70108eb
cc4edead,5a76b5f8
64de2b6b,14641d80
1d737903,aafe6c25
4475ccce,d70108eb
2d725035,d70108eb
8c82ec8a,aafe6c25
eba737b7,d70108eb
385206a6,5c035060
c0442216,d70108eb
5e2d7354,d70108eb
b798c0d9,7b5cc522
96525a57,9b152331
8250938f,08776796
51fe62da,14641d80
be9f21a8,d70108eb
11784771,14641d80
dc3cb86d,aafe6c25
d41207ae,aafe6c25
294bb2cb,d70108eb
4c8009e6,6f90fe7a
66a19847,5a76b5f8
d4f4ac2b,528c98f5
cbe6433f,d70108eb
b798c0d9,64d73125
5479999a,aafe6c25
f5de39fa,d70108eb
b8e7a15c,d581c716
857f8001,d70108eb
89d83096,7f0724b0
e1827e7a,d70108eb
688dbcb8,d70108eb
d0b8e058,c0cb38be
ee01f2c3,95388d58
3309fda4,7290d9e4
dc837c17,528c98f5
0d37937c,528c98f5
5580ff19,0c7552e6
0f09c820,d70108eb
1b79af8a,aafe6c25
c830107f,d70108eb
d7b2df9b,08776796
af887be3,d70108eb
3a3fd98b,aafe6c25
3ab57652,d70108eb
5f32c02a,aafe6c25
eb258a7a,528c98f5
915ef20d,d70108eb
75520e50,d70108eb
954d1f13,aafe6c25
d7364789,aafe6c25
ee01f2c3,14641d80
022c24c9,aafe6c25
c4cd7759,d581c716
0ec34b96,0c7552e6
73b7cd7c,14641d80
5eaaa5cb,aafe6c25
dcd6c7b3,d70108eb
23a7f706,aafe6c25
b1f50af4,d70108eb
3f6e09fe,d70108eb
59c2bd30,d70108eb
bfbabe7d,d70108eb
bfb7ab68,aafe6c25
1c436238,b8ebdead
d434b821,d70108eb
739da3c9,aafe6c25
0993ce81,aafe6c25
0024b4a3,7290d9e4
165f6261,aafe6c25
812f5bc5,d70108eb
f6f78f94,aafe6c25
857f8001,14641d80
3992461b,d70108eb
00e88344,4ae6ab90
a668591a,528c98f5
284c1230,d70108eb
1bf24c2b,d70108eb
90f5ad30,aafe6c25
8e026299,aafe6c25
a634429d,d70108eb
2e8ab0df,6ed4dac9
47609051,aafe6c25
845090bb,d581c716
74f4452b,6f089721
30da2115,d70108eb
47e6a323,3f1092b3
ab7e324f,d70108eb
155e2e67,aafe6c25
549401f8,aafe6c25
81b1829a,d70108eb
318f4603,14641d80
cb290614,d70108eb
0c3d4de4,aafe6c25
acb43c0b,aafe6c25
0c039fde,aafe6c25
51b457aa,d70108eb
0eff33c5,d70108eb
f708bfa2,48bcfeff
d7e05083,d70108eb
b31bf3b2,d70108eb
2e2d2250,5a76b5f8
7e7abae1,aafe6c25
14614c02,aafe6c25
aa49e43b,d70108eb
475bd1e3,d70108eb
255265a1,aafe6c25
f785ea59,d70108eb
5b947d00,aafe6c25
fbd46364,d70108eb
a17a52f5,75df1f46
00828615,aafe6c25
1dfb9ea1,d70108eb
7fe765df,bc5af64e
4b0d534b,d70108eb
a371e0d2,6ed4dac9
f58d2d6a,528c98f5
246e069e,56cea5c2
2057cefa,d70108eb
02fa762b,0f26f757
747b9e3d,08776796
4c8bec58,d70108eb
97bfb20b,aafe6c25
ffabc010,aafe6c25
6b5b69b4,aafe6c25
b04ff6af,5a76b5f8
aaa570a2,d70108eb
f785ea59,528c98f5
01e0a2ac,d70108eb
b9696241,d70108eb
d42441f6,d70108eb
b8e7a15c,5e2ed320
211142e6,d70108eb
5580ff19,287e0ba6
954d1f13,8e49140c
dd551ab8,8e2b1a11
72f68970,6f089721
ed487feb,7290d9e4
de0cf0e4,aafe6c25
9045e0dc,d70108eb
e6557c38,d70108eb
0e62de95,d70108eb
6a712f13,14641d80
6bf689d2,528c98f5
f51e1d7b,d70108eb
b44097a1,aafe6c25
cbdc7afe,8e49140c
a4ff8333,56cea5c2
0f0302a4,7d58d22d
7d04ebda,d70108eb
19c805de,08776796
642559c2,aafe6c25
93e43102,d70108eb
9dacaf0a,aafe6c25
155e2e67,a7d1d643
b50110b6,56cea5c2
a295b5ae,528c98f5
b208165b,aafe6c25
4296c4be,aafe6c25
b5a01eff,aafe6c25
f6b9f82c,d70108eb
9a862bb5,14641d80
43c295d1,aafe6c25
32ea4c5c,6f089721
fdd1514b,aafe6c25
286d10f6,681fd13e
2f8c8fc7,528c98f5
a53e765e,aafe6c25
06184c00,8f3301f6
53ba76cd,08776796
87fa4d92,d70108eb
3b903ad2,7290d9e4
882eac84,6cbed158
bf9b7fae,d70108eb
ba55b1d6,528c98f5
8157924c,d70108eb
857f8001,528c98f5
2bee0135,71aaad58
a2063c97,d70108eb
155e2e67,8e49140c
959fbb40,5ac6eab8
0eb60b81,d70108eb
a81daadc,aafe6c25
f376ad44,aafe6c25
8b982c91,8e49140c
06b03b86,7290d9e4
190ac55b,aafe6c25
25b4129c,528c98f5
c5aac4c8,aafe6c25
d98267b3,14641d80
c48facb8,aafe6c25
08f21b69,528c98f5
89aa4de6,7c7e1e84
ab138b54,d70108eb
37da44f9,14641d80
46232f55,a7d1d643
b8e7a15c,8e49140c
eb0ce6fb,aafe6c25
e0c5f819,aafe6c25
aed9eb72,aafe6c25
80dc4ee9,aafe6c25
31ff49c3,d70108eb
da3b9587,d70108eb
4e07578a,aafe6c25
82fd4a8e,99d6e276
a456372b,d70108eb
8fa2463c,5a76b5f8
92f10077,d70108eb
7f02961c,d70108eb
d76e092f,8f3301f6
03d7b02f,08776796
857f8001,46128664
87b82bc1,5a76b5f8
ed9e5038,d70108eb
5ffc80a4,aafe6c25
b94360f7,56cea5c2
ac96eda0,d70108eb
2057cefa,8e2b1a11
ae1f0589,aafe6c25
acae595c,d70108eb
19c805de,528c98f5
7a9bacf0,d70108eb
ae9bed4e,528c98f5
21825e1c,d70108eb
62a18dc3,d70108eb
8d5eab09,aafe6c25
e9d64e63,d70108eb
edada755,aafe6c25
cbdc7afe,5e2ed320
501568ec,d70108eb
e8d13c23,d70108eb
55bbacc1,528c98f5
fa3d330d,414ac994
4c449d69,528c98f5
00a0f30c,08776796
802c956d,cceac973
36e2573e,d70108eb
bdce780d,3f1092b3
e65c2efb,d70108eb
20df4b0c,d70108eb
4f3ccc04,56cea5c2
23267dbc,6ed4dac9
237a026b,a53cd7f6
a6f29995,d70108eb
2bfa510e,d70108eb
d9f57b2f,5a76b5f8
3d86e612,5a76b5f8
ae0e4eb9,aafe6c25
80e4d70e,d70108eb
dd41e0eb,aafe6c25
7ff9ac49,aafe6c25
f8ed129f,d623e88e
4b9617cd,d70108eb
79b353cf,aafe6c25
843be1fb,d70108eb
d7e05083,6f089721
ed9e621e,d70108eb
1ae08b9f,aafe6c25
a58d7432,aafe6c25
7459c61c,d70108eb
39e5a387,aafe6c25
64471239,14641d80
daae68e7,3f1092b3
59a2aa0e,287e0ba6
5ac09439,d70108eb
b33398ab,48bcfeff
01ed77fe,cf12d6ab
6f67a4e9,a0635895
b2c0d489,46128664
d4e3ee76,aafe6c25
69f8cc87,cdacfa80
882eac84,08776796
19ca6a60,14641d80
cce7f7cc,5a76b5f8
b039e3de,d70108eb
4d15e2d1,d70108eb
2d23079a,aafe6c25
b2c0d489,5a76b5f8
07131027,d70108eb
dd551ab8,46128664
43eedcd6,d70108eb
fcda851e,aafe6c25
db4f0931,14641d80
2dcf2932,aafe6c25
c48d7bf9,d581c716
a02d4240,d581c716
4f6f1162,aafe6c25
8b6d2d3f,14641d80
a8faa589,08776796
4d90a90f,aafe6c25
efed3d27,aafe6c25
a2532123,14641d80
cd928bff,d70108eb
8bb9a0cb,d70108eb
56aaf22c,56cea5c2
eabcad4c,aafe6c25
73631db4,14641d80
38d7a328,d70108eb
31876018,aafe6c25
2f5a78d1,aafe6c25
c9674ae9,14641d80
3983170f,d70108eb
c233a253,d70108eb
b2e2cb79,08776796
9ab559f1,d70108eb
e97eff3d,d70108eb
f679d3f2,14641d80
970a334d,aafe6c25
3c2d1332,5a76b5f8
9e4b907c,5a76b5f8
d1a00c75,331c404d
a7a12a09,56cea5c2
5d277d61,d70108eb
c9f0b611,aafe6c25
ffd9e70c,aafe6c25
ed8780e9,d70108eb
ee01f2c3,08776796
3f6b939c,d70108eb
8be59812,681fd13e
0a4f944c,d70108eb
6fdd78d4,7290d9e4
f37dba79,d70108eb
d7150f4b,a85525bd
f81c4a05,d70108eb
d4d2405f,56cea5c2
bdbc9026,aafe6c25
55e43866,d70108eb
691ffa45,d70108eb
572e4ad8,14641d80
278d2bde,aafe6c25
c5118caf,aafe6c25
ab3d8395,d70108eb
b2c0d489,d70108eb
7478193e,d70108eb
64a31d1b,aafe6c25
6a1b27e1,aafe6c25
9d824937,d70108eb
5d5870df,aafe6c25
f32f518e,528c98f5
60f0780c,aafe6c25
999b3b94,6cbed158
f557235d,aafe6c25
ff02705b,aafe6c25
0a366637,528c98f5
9a466eaa,aafe6c25
ddc6c501,d70108eb
258e861b,d70108eb
46ca80a6,681fd13e
19394b5e,d70108eb
85bf2bbc,d70108eb
3efb2bb9,528c98f5
13e239b6,14641d80
f482c946,d70108eb
cdb13e81,d70108eb
d1db70c6,aafe6c25
8fc71401,aafe6c25
9022d4f9,aafe6c25
6493a8d5,d70108eb
9a380c08,aafe6c25
0c0df578,14641d80
9f805d80,14641d80
de125bca,d70108eb
95e14a0f,aafe6c25
d5cddf9a,5a76b5f8
edd0485f,d70108eb
35800d08,d70108eb
0ec34b96,d70108eb
446a8331,5a76b5f8
06d3981b,aafe6c25
d08fdce0,aafe6c25
2fa357e7,14641d80
f785ea59,46128664
01ed77fe,528c98f5
769dd0d2,d70108eb
7b733e72,528c98f5
a0e0f11b,56cea5c2
d5cddf9a,14641d80
f7259110,aafe6c25
f4043ff6,d70108eb
711be037,528c98f5
6ce3a75a,08776796
d095f355,d70108eb
858a83d6,aafe6c25
5c34f539,d70108eb
5772fc1f,d70108eb
cd026c32,14641d80
fdbcd5d6,7c2062a4
56aaf22c,5a76b5f8
27de053c,964aaa54
1ee2793b,d70108eb
d0a101ab,d581c716
183f577f,14641d80
9a109be7,aafe6c25
b8b34fc0,d70108eb
1970a4d0,d581c716
d6ec0ac9,aafe6c25
33538435,aafe6c25
aa49d0bf,d70108eb
f384788d,528c98f5
2a6fd03f,d70108eb
9737af53,d70108eb
32849945,5a76b5f8
02b71536,d70108eb
0c0df578,d70108eb
959fbb40,964aaa54
3117c74b,aafe6c25
d2e983e0,a0635895
cfa0ed75,3f1092b3
a6a04ca6,aafe6c25
954e8408,d70108eb
7928fc65,aafe6c25
a5b1069d,d70108eb
cda4fd77,d70108eb
b72cb98e,d70108eb
ceac61b6,5e2ed320
fdd9c5ac,f319fd62
720772f6,d70108eb
673bb7f0,5a76b5f8
1031b28e,d70108eb
e810a983,d70108eb
7fe765df,14641d80
5a448205,3f1092b3
7a594779,d70108eb
18020b62,aafe6c25
608d4b6a,d70108eb
f5e94bed,d70108eb
01262c75,528c98f5
8c9f3161,08776796
ae821a9c,528c98f5
96139eee,5a76b5f8
c9c7f96e,d70108eb
c56af0b3,d70108eb
c096ada1,14641d80
7c6d7e30,d70108eb
ee302b0f,8e49140c
7035c05c,8f3301f6
e956ffe6,aafe6c25
faac11e2,d70108eb
79b29ea5,aafe6c25
9d0ce662,56cea5c2
ef5897d8,01107cb7
d34b4f84,aafe6c25
94ccab5d,aafe6c25
8f74fff4,d70108eb
8d08a1ef,aafe6c25
6add7d8c,dcda6d1b
4d779711,aafe6c25
8bdb3493,aafe6c25
b5a6491a,a0635895
8d95878e,528c98f5
2420efe9,d70108eb
ab3c9af8,aafe6c25
8431b295,55a4f420
0327dd75,528c98f5
f6a7bcb9,aafe6c25
40af6110,d70108eb
efa91111,528c98f5
8121c79e,528c98f5
4b46ae31,d70108eb
9d1fc050,5a76b5f8
5e46daf8,9b152331
5221f761,d70108eb
737a3e1a,14641d80
8f390b53,aafe6c25
9d883342,6f089721
a58d7432,a7d1d643
4f74f5ee,aafe6c25
7558f55c,d70108eb
26f5553a,aafe6c25
d1b59217,aafe6c25
80acdece,56cea5c2
b17aa9e8,aafe6c25
f9be974c,d70108eb
88b78d5a,d70108eb
8e026299,c0cb38be
6f116cd8,d70108eb
