daff6f4c,bf719b86
c107d69e,283dd2ad
2351e882,87063c83
ae7ded67,0629c786
8f74fff4,6291f8ec
b26f7d58,f774f80d
3c5db974,6291f8ec
f816470e,758b0bb8
4b46ae31,0629c786
99a485ff,96460f09
1947c3e7,87063c83
ababd799,87063c83
fbd46364,cdba9862
1c761ed7,4dc617f0
4c8009e6,8d2679d3
bdce780d,78c60eb3
cc067509,6291f8ec
3efb2bb9,4dc617f0
7d04ebda,87063c83
4e68363d,e8d10e0a
fede0d24,6291f8ec
0f09c820,96460f09
4e46a1e2,6291f8ec
4c8009e6,4dc617f0
1e3496b5,0629c786
50ab46eb,6291f8ec
0c57667b,0629c786
93864a71,fbb3b632
b38561ff,0629c786
1c53a110,6291f8ec
4c8009e6,a6ceac57
6f6b0ddc,87063c83
2a56e1c8,11062e7f
5f5e9b90,4dc617f0
3a7a0437,6291f8ec
ef0a98fe,87063c83
269b065e,bf719b86
ac73a3a8,96460f09
e69074b3,68117c3d
4b46ae31,bf719b86
6b26c380,6291f8ec
c1967ae4,6291f8ec
6e5ffd13,96ea22d1
b6ea1022,9cec6312
892185ab,6291f8ec
6dd8b82a,4dc617f0
b8056a57,6291f8ec
d5a6f47e,34ca50e3
32952d01,4dc617f0
d341ec1f,4dc617f0
fdba74a1,96460f09
e394ae59,87063c83
892185ab,25e531cc
d5a6f47e,997e07d9
fb74e7c7,4dc617f0
9c1d42fb,fbb3b632
e7290569,4dc617f0
7a359ac2,60bc45ac
9c1d42fb,68117c3d
f15fd5fe,bf719b86
6b26c380,68117c3d
f9ab8b57,87063c83
80b71adf,e767732a
fbd46364,87063c83
e86f48e7,0629c786
3c5db974,0629c786
1728ad0f,4dc617f0
1ccce499,6291f8ec
c107d69e,6291f8ec
4b46ae31,68117c3d
c8dc14d2,0629c786
e69074b3,6291f8ec
9a648c25,bf719b86
ababd799,0629c786
e2906229,4dc617f0
8afa807a,0629c786
aaa570a2,4d7b8a86
c3875b92,bf719b86
32952d01,d3c2f3db
988b3d8e,87063c83
6097e430,bf719b86
9a648c25,87063c83
c230e5de,6291f8ec
cd4391f9,6291f8ec
7ff5c566,68117c3d
57b984b3,6291f8ec
74bcad8a,68117c3d
b26f7d58,6291f8ec
aa49e43b,fbb3b632
c3baba3e,6291f8ec
63540e6b,30015067
7ff5c566,8d2679d3
0a287601,6291f8ec
b567408b,4dc617f0
99875729,6291f8ec
b8056a57,d3c2f3db
7d04ebda,68117c3d
172f4393,bf719b86
5dabcc42,4dc617f0
6dd8b82a,68117c3d
174a714c,0629c786
3efb2bb9,6291f8ec
5399c050,6291f8ec
0f09c820,4dc617f0
227776ba,68117c3d
4dcb61d3,6291f8ec
05e316a5,6291f8ec
bc22c008,6ba37625
80b71adf,c9ea4b12
02daaadd,87063c83
ac73a3a8,6291f8ec
c86f5991,87063c83
53b83962,4dc617f0
c107d69e,bf719b86
8afa807a,6291f8ec
1a043517,6291f8ec
0f09c820,bf719b86
769dd0d2,6291f8ec
a7030440,6291f8ec
d1c32f8d,6291f8ec
27cd020d,6291f8ec
9bd29233,96460f09
e394ae59,4dc617f0
3efb2bb9,c9ea4b12
f9691dc2,64f23f13
c3b731f5,0c15f1e9
ee2c0162,fb7e94e5
b6d1a621,4dc617f0
32952d01,96460f09
ee2c0162,4dc617f0
ee2c0162,34ca50e3
b9332843,6291f8ec
0f09c820,a6ceac57
0e77915a,87063c83
68ed8d91,0629c786
aaa570a2,4dc617f0
c107d69e,4dc617f0
a43c5a81,4dc617f0
9bd29233,aa600086
e0b9bc9b,0629c786
e0b9bc9b,6291f8ec
8e8a6091,6291f8ec
e394ae59,aec8e424
fdff3c6a,6291f8ec
6097e430,6291f8ec
ca8c67ce,87063c83
5670516a,0629c786
ca0ac244,0629c786
daff6f4c,6041748c
bada3021,6041748c
05a051c0,68117c3d
4c8009e6,6291f8ec
b46fd6bd,8d2679d3
0f09c820,aba07eed
74e52ad9,87063c83
e2ed584b,4dc617f0
4b46ae31,87063c83
1728ad0f,0629c786
ba822b12,6291f8ec
57b984b3,87063c83
29c9e64f,96460f09
a7030440,ac38952e
772186e1,1e414dfe
b8056a57,96460f09
53fbbb81,6291f8ec
e30aa421,0629c786
aaa570a2,bf719b86
dbdc9cbc,6291f8ec
bcba5900,83358618
1c53a110,4dc617f0
aaa570a2,cb5c60c2
b943b5ab,4dc617f0
3f8f1113,4dc617f0
fe1f0b85,96ea22d1
fede0d24,96460f09
8cabae43,87063c83
daff6f4c,30015067
945d841f,bf719b86
24e813d8,4edb311c
aaa570a2,0629c786
6b0f4483,4dc617f0
aaa570a2,6041748c
b8056a57,fbb3b632
4977bffa,6291f8ec
08cf1ff4,bf719b86
5cde098a,6291f8ec
d1c32f8d,4dc617f0
896c51e5,6291f8ec
b140e6d7,87063c83
34cbe1bb,bf719b86
577c452d,bf719b86
09fcfe16,bf719b86
aaa570a2,b44bfad4
a9226e9b,0629c786
dbdc9cbc,bf719b86
c25ae6ef,bf719b86
5749a43e,4dc617f0
b26f7d58,0629c786
797f5fae,0629c786
d341ec1f,63318a3d
14a7e16e,bf719b86
7b3f1aeb,6291f8ec
c107d69e,87063c83
ea41368b,0629c786
bada3021,0629c786
47ffeab7,6291f8ec
3046fa70,0629c786
0e77915a,0629c786
4b46ae31,fbb3b632
09baf9f0,96460f09
4f3dc2e4,b072ef96
75f74957,96460f09
32952d01,bf719b86
d5a6f47e,c9ea4b12
9c1d42fb,87063c83
bcba5900,34ca50e3
34d1f209,4dc617f0
daff6f4c,bada3021
6ccdb534,87063c83
75f74957,6291f8ec
c0e1855d,6291f8ec
3efb2bb9,a0b4a218
756c7892,12bde748
bada3021,a2b4455b
fbd46364,6291f8ec
24e813d8,6291f8ec
a5aab4d8,6291f8ec
c54a642c,6291f8ec
676bb3d9,6291f8ec
412f156f,7cb89adf
4c97e503,0629c786
7a359ac2,6291f8ec
f7dc697e,96460f09
4d947dad,758b0bb8
325d5a0c,6291f8ec
aaa570a2,4987b4b4
b943b5ab,fbb3b632
ee2c0162,0629c786
6365cefa,87063c83
0f09c820,68117c3d
75f74957,0629c786
ee2c0162,7b89faa8
ac13b0ca,bf719b86
298d291d,4dc617f0
15842b58,68117c3d
f9be974c,4dc617f0
dcb58e4a,6291f8ec
aaa570a2,68117c3d
6f6b0ddc,12bde748
91a47ca6,87063c83
6621dd69,6291f8ec
ffe0692b,0629c786
136ec934,4dc617f0
69d9c28a,0629c786
577c452d,96460f09
9d5c8b16,fbb3b632
2f66e9bb,4dc617f0
d341ec1f,87063c83
3f18b1e3,6291f8ec
b8056a57,bf719b86
7ff5c566,6291f8ec
6c9f314d,4dc617f0
22055d99,6291f8ec
686da0b6,6291f8ec
845417f1,87063c83
cc72a34a,6291f8ec
1c53a110,0629c786
d5260b4b,87063c83
aaa570a2,e27f5edf
50ab46eb,4dc617f0
2e82fdcd,bf719b86
0f09c820,6291f8ec
4b46ae31,4dc617f0
cbe6433f,87063c83
4b46ae31,349f0ad0
172f4393,6291f8ec
7d04ebda,0629c786
c1f3f34b,fbb3b632
501608e0,6291f8ec
f32a40b6,4dc617f0
5399c050,1506ce76
b8056a57,87063c83
c5e2d7e8,6291f8ec
5dabcc42,0629c786
a43c5a81,6291f8ec
daff6f4c,3af52d0c
a31f4f41,87063c83
b38a18eb,11062e7f
dc1951a6,96460f09
892185ab,4dc617f0
ee2c0162,bf719b86
80663a2f,0c15f1e9
1ee2793b,6291f8ec
2c92dc4a,6291f8ec
fbd46364,4dc617f0
e394ae59,6291f8ec
f9691dc2,1e8fea3c
ad23be62,34ca50e3
eb9aa07f,6291f8ec
aaa570a2,69dee0f1
a91b810f,5e529acf
1b909ce6,0629c786
4ac20f06,0629c786
a4707fc2,96460f09
d1c32f8d,195c68c5
c107d69e,96460f09
1c53a110,96460f09
78efa8c8,0629c786
6ea9e0b8,87063c83
ac73a3a8,0629c786
c86f5991,4dc617f0
6b396c19,0629c786
172f4393,4dc617f0
e810a983,6291f8ec
5399c050,0c15f1e9
501608e0,68117c3d
676bb3d9,bf719b86
7ff5c566,4dc617f0
53112467,0629c786
bcba5900,4dc617f0
c0a2ba32,87063c83
bcba5900,87063c83
537460ac,68117c3d
9a648c25,96460f09
2bd9e64b,bf719b86
af1d6d77,0629c786
2347d8bb,4dc617f0
aafc0a2b,0629c786
fde61949,bf719b86
5e8195ee,8d2679d3
a43c5a81,96460f09
676bb3d9,34ca50e3
ffe0692b,6291f8ec
723a4c1f,87063c83
4b0a60c1,0629c786
4b46ae31,6291f8ec
c86f5991,fbb3b632
80c81d8d,0629c786
9c1d42fb,6291f8ec
de550aff,4dc617f0
b26f7d58,fbb3b632
c9c7f96e,87063c83
6097e430,4dc617f0
e0b9bc9b,eac21737
74bcad8a,96460f09
b8056a57,4dc617f0
31053aab,6291f8ec
d97a2b12,bf719b86
1c53a110,fbb3b632
daff6f4c,68117c3d
8bd34189,6291f8ec
fbd46364,96460f09
806f213d,6291f8ec
577c452d,4dc617f0
c613850f,68117c3d
e9d64e63,6291f8ec
6b0f4483,6291f8ec
c4effe28,4dc617f0
7d04ebda,6291f8ec
3a7a0437,394a9d2e
bcba5900,6291f8ec
806f213d,68117c3d
7d04ebda,4dc617f0
806f213d,0629c786
47ffeab7,bf719b86
6b0f4483,53ffa2e9
298d291d,6291f8ec
5f9b2bc7,34ca50e3
02e131f7,87063c83
75f74957,4dc617f0
945d841f,4dc617f0
0f09c820,87063c83
ccef961f,6291f8ec
5dabcc42,87063c83
577c452d,68117c3d
daff6f4c,4dc617f0
63540e6b,6291f8ec
ac73a3a8,4dc617f0
31c7fabd,6291f8ec
d9270114,6291f8ec
9a648c25,0629c786
0f09c820,997e07d9
2e82fdcd,045aef0b
a3eb53a6,6291f8ec
c39d98cc,96460f09
2f66e9bb,34ca50e3
c3beb1db,6291f8ec
0f09c820,fb7e94e5
1728ad0f,bf719b86
fbd46364,349f0ad0
4c8009e6,0629c786
b943b5ab,0629c786
57b984b3,96460f09
81e514a4,96460f09
c107d69e,195c68c5
8a46dae9,96460f09
7459c61c,6291f8ec
57b984b3,bf719b86
24e813d8,05bc554c
aaa570a2,96460f09
3611878c,4dc617f0
1947c3e7,2de0f790
3c5db974,349f0ad0
db7e4177,11062e7f
7a359ac2,c9ea4b12
fbd46364,8d500d0b
fbd46364,5cdb0a36
e30aa421,6291f8ec
de550aff,6291f8ec
d592a797,87063c83
720ee678,0629c786
400496ed,6291f8ec
4dcb61d3,c9ea4b12
b6aac6de,0629c786
f5accfd5,0629c786
daff6f4c,6291f8ec
c9893487,87063c83
4c8009e6,bf719b86
80b71adf,6291f8ec
fede0d24,4dc617f0
9a648c25,6291f8ec
bdce780d,4dc617f0
8bcd9b33,6291f8ec
bf9b7fae,68117c3d
b8056a57,0629c786
ad4ae674,68117c3d
b7a77061,0629c786
daff6f4c,96460f09
892185ab,87063c83
fbd46364,bf719b86
6d04f477,6291f8ec
50ab46eb,0629c786
7c6d7e30,0629c786
fb5d9c9b,87063c83
0ec34b96,c9ea4b12
0f09c820,fbb3b632
945d841f,87063c83
768036c8,6291f8ec
bcba5900,0629c786
ce85236b,6291f8ec
5dabcc42,bf719b86
c920f507,4dc617f0
a89cd6b8,4dc617f0
e69074b3,5e529acf
8afa807a,4dc617f0
0f9f8eae,87063c83
8bd56cda,6291f8ec
aaa570a2,87063c83
e69074b3,86f156e9
6f42c5b9,aec8e424
a9226e9b,6291f8ec
9c125ea8,fbb3b632
fbd46364,0629c786
6dd8b82a,0629c786
ee2c0162,6291f8ec
2ea222d9,0629c786
e394ae59,c05b974f
e2ed584b,34ca50e3
ea41368b,4dc617f0
78ad25fc,4dc617f0
acae595c,4dc617f0
34d1f209,0629c786
238af51e,bf719b86
4c8009e6,68117c3d
1427efd8,4dc617f0
81e514a4,bf719b86
cbe6433f,96460f09
22dafb6b,87063c83
aaa570a2,6291f8ec
fde61949,6291f8ec
7c0f5020,87063c83
577c452d,87063c83
e69074b3,87063c83
9ab559f1,96460f09
b52d043c,6291f8ec
892185ab,68117c3d
d636d570,53ffa2e9
f6b9f82c,0629c786
daff6f4c,0629c786
490e9710,6291f8ec
bcba5900,68117c3d
686da0b6,0629c786
6b26c380,bf719b86
aaa570a2,34ca50e3
026a209e,4dc617f0
577c452d,fbb3b632
78ad25fc,6291f8ec
b6d1a621,6291f8ec
b7a77061,6291f8ec
cd928bff,87063c83
b26f7d58,4dc617f0
aceac7a3,0c15f1e9
7a493500,dfdc9778
2bdbbefd,0c15f1e9
7764dd0e,6291f8ec
fab0c246,6291f8ec
c0c76d5b,6291f8ec
75f74957,fbb3b632
9a33a5e4,0629c786
57b984b3,0629c786
eea836b8,4dc617f0
e0b9bc9b,34ca50e3
ee2c0162,5e529acf
1f3b40d6,4dc617f0
676bb3d9,50455b6a
7e51e5d8,6291f8ec
