4d9a084e,6291f8ec
24de03cf,4dc617f0
4b46ae31,0629c786
c3baba3e,e27f5edf
1cb4d360,4dc617f0
489dc714,96460f09
89517b0f,5cdb0a36
8d1d07dd,0629c786
f9691dc2,2e8f8796
8873c183,0629c786
bada3021,326791da
e6778986,fbb3b632
96bab241,87063c83
8b17a7b2,96ea22d1
7d04ebda,87063c83
8a41e091,4dc617f0
a3ab09bf,0629c786
f5dc98dd,87063c83
5ad5adfc,aa600086
bada3021,7a86c2ab
af0b3e98,c9ea4b12
89517b0f,0283809d
3459cfc4,6291f8ec
b98b6714,6291f8ec
da6da185,34ca50e3
89517b0f,6291f8ec
ec0885ba,6041748c
89517b0f,1cd367ef
a31122a3,d3c2f3db
0901d87f,bf719b86
6e4b660b,0629c786
8d674f96,4dc617f0
da6da185,7039e378
9e3cd731,4dc617f0
0901d87f,fbb3b632
4b46ae31,bf719b86
f6a9e28c,c6ca0b34
12e57a5b,0629c786
25e1e1e1,0629c786
52d70aba,bf719b86
1857aa85,6291f8ec
7ff5c566,aba07eed
8873c183,6291f8ec
d8103b57,0629c786
845c00ab,6291f8ec
af0b3e98,a4256d43
8ea55fca,6291f8ec
ec0885ba,6291f8ec
a1c28b60,6291f8ec
a4260f15,acbc723a
a43c5a81,c9ea4b12
1ad1d0d9,d9147c81
b7651003,bf719b86
35a6821b,0629c786
89517b0f,05bc554c
bbd3bb14,4dc617f0
8873c183,4dc617f0
6e1e114d,bf719b86
a87c02e6,0629c786
696dea45,bf719b86
bada3021,6291f8ec
8817c704,4dc617f0
e6b0f871,6291f8ec
383d19da,87063c83
703b7046,bf719b86
34cbe1bb,6291f8ec
3a468d10,63318a3d
c3baba3e,4dc617f0
569edc1f,4dc617f0
9a648c25,bf719b86
214f351f,12bde748
60180db1,bf719b86
8d1d07dd,6291f8ec
9a648c25,87063c83
7ff5c566,68117c3d
92ba41c7,283dd2ad
094e32f1,6291f8ec
af0b3e98,45e58d84
150ec4c8,6291f8ec
c3baba3e,6291f8ec
1c388c7e,4dc617f0
3e7cdc9c,4dc617f0
d228b1a6,6291f8ec
715c245d,e27f5edf
7b7ad46a,6291f8ec
8df1c7a6,87063c83
f584d12f,96460f09
13a1b078,bf719b86
a7974b28,6291f8ec
7ff5c566,34ca50e3
e1ea5b42,bf719b86
a31122a3,4dc617f0
264f41cf,bada3021
184b3e74,0629c786
96bab241,6291f8ec
8d1d07dd,4dc617f0
1857aa85,0629c786
adf932d2,50bea7e3
0dac95f9,0629c786
0f09c820,4dc617f0
8975a63f,4dc617f0
ce7440b2,5e529acf
8327dbd7,68117c3d
153850b0,87063c83
40d3d0af,bf719b86
b82c4f87,7773d724
a99bf63d,6291f8ec
773eb4e1,6291f8ec
f30a739a,1e414dfe
6cc23df4,4dc617f0
5c454d51,0629c786
2d0071eb,96460f09
ac579b5d,8d2679d3
153850b0,0fe03040
703b7046,fb7e94e5
4aebcead,0629c786
42368f9f,0629c786
b9332843,6291f8ec
b943b5ab,68117c3d
176d6993,6291f8ec
5a52e60b,7b9d4e3f
d493ded2,4dc617f0
5a77b6bc,4dc617f0
da6da185,6291f8ec
498dbf4b,bf719b86
fcf36a4d,6291f8ec
6aa12364,4dc617f0
a43c5a81,4dc617f0
612c745d,96ea22d1
498dbf4b,96460f09
0cb5bb4e,6291f8ec
af0b3e98,7a86c2ab
6cc23df4,6291f8ec
153850b0,1060a0ee
ef5ada67,bf719b86
b82c4f87,96460f09
72995959,0629c786
c3605f40,0629c786
ec0885ba,b44bfad4
9fea5c39,0629c786
aceac7a3,4dc617f0
a5e8debf,96460f09
85d44a20,4a224ff4
5e6229b1,6291f8ec
8d1d07dd,aba07eed
a1c28b60,c9ea4b12
fa4cba44,a0771769
4b46ae31,87063c83
adf932d2,bf719b86
05c8a202,1506ce76
98d08b38,0ee9610e
bed8f9cb,6291f8ec
89517b0f,d9147c81
8d4dbedf,8c8f87cd
3a468d10,5876bf0f
5ad5adfc,0629c786
7c0d3d6d,87063c83
d35dff2a,7b9d4e3f
52d70aba,96460f09
15467f69,c26f39d5
eeb83c13,0629c786
8d1d07dd,64f23f13
e5945d7e,6291f8ec
49e8fd0a,0629c786
ac826c58,4dc617f0
9fbd7a15,30015067
9a648c25,68117c3d
f0cbabae,38abe090
89517b0f,87063c83
e6778986,6291f8ec
b943b5ab,283dd2ad
2d0071eb,6291f8ec
5855f905,96460f09
4b46ae31,96460f09
8817c704,96460f09
bada3021,045aef0b
c4f1d0cd,6291f8ec
8d4dbedf,4dc617f0
96b71657,bf719b86
b2bf1909,87063c83
1857aa85,7b9d4e3f
bec78983,96460f09
89517b0f,3927f2a5
8a41e091,bf719b86
1857aa85,87063c83
54e2595c,6291f8ec
c7e1c039,4dc617f0
5eabd26f,6291f8ec
498dbf4b,68117c3d
aceac7a3,1506ce76
5a77b6bc,283dd2ad
dc188191,4dc617f0
cfb8b33e,68117c3d
bada3021,0629c786
642e2cc8,0629c786
eeb83c13,b6e29523
3384c000,a6ceac57
bf074b24,6291f8ec
bd70c06c,0629c786
89517b0f,bf719b86
b943b5ab,6291f8ec
ae70cbb9,6291f8ec
498dbf4b,6291f8ec
b3b3e50f,4dc617f0
c54a642c,6291f8ec
fa4cba44,68117c3d
1857aa85,4dc617f0
85d44a20,5c47fb1f
c27d309a,4dc617f0
5b4bb007,87063c83
1e45e9fd,4dc617f0
bada3021,02341045
52a36110,87063c83
6e1e114d,6291f8ec
04ce7172,87063c83
af0b3e98,e58f97b9
5526f712,fbb3b632
f584d12f,6291f8ec
3a468d10,bf719b86
ed215dd6,6291f8ec
3a468d10,12bde748
e879f52c,6291f8ec
c84086aa,87063c83
3f18b1e3,6291f8ec
b4304396,96460f09
7ff5c566,6291f8ec
ec0885ba,bf719b86
40c883d9,0629c786
a43c5a81,0629c786
498dbf4b,0629c786
3a468d10,44e1ffaa
3b4f5de6,bf719b86
4b46ae31,4dc617f0
40d3d0af,6291f8ec
0f09c820,6291f8ec
1cb4d360,bf719b86
4658d7cd,68117c3d
f334624c,0629c786
e7f9ab8c,6291f8ec
1857aa85,283dd2ad
696dea45,4dc617f0
85295f13,6a53652b
5a77b6bc,87063c83
5399c050,1506ce76
8975a63f,c6ca0b34
04ce7172,bf719b86
3bf705a9,4dc617f0
a43c5a81,6291f8ec
48d156e4,acbc723a
6f961b94,4dc617f0
31053aab,0629c786
6aa12364,0629c786
5ee595b9,6291f8ec
498dbf4b,aba07eed
f9691dc2,1e8fea3c
bada3021,fb7e94e5
d35dff2a,6291f8ec
0a7766ff,87063c83
d4dfeb5b,96460f09
9e3cd731,6291f8ec
e80ace1a,6291f8ec
5e6229b1,bf719b86
e6b0f871,4dc617f0
f584d12f,4dc617f0
1c388c7e,6291f8ec
d4dfeb5b,4dc617f0
42f5d0b7,4dc617f0
8bbac4e2,6291f8ec
bbbb02f6,a0771769
ee17dd17,96460f09
e3363107,0629c786
5399c050,0c15f1e9
ae70cbb9,0629c786
98d08b38,f774f80d
3e7ec5a4,bf719b86
f856bcf8,6291f8ec
3384c000,6291f8ec
6d90ff44,bf719b86
7ff5c566,4dc617f0
f8846b06,0629c786
3a468d10,fbb3b632
3929e82f,bf719b86
89517b0f,0b66a5c0
f8846b06,87063c83
5ca1244a,96460f09
6cb99c2e,6291f8ec
d4f47456,0629c786
21a18de2,0629c786
b9332843,d9147c81
9a648c25,96460f09
b7651003,0629c786
a31122a3,6291f8ec
89517b0f,c9ea4b12
8e3bea13,6291f8ec
42f5d0b7,6291f8ec
498dbf4b,4dc617f0
52a36110,6291f8ec
723a4c1f,87063c83
89517b0f,d18f1215
1424798c,6291f8ec
89517b0f,283dd2ad
89517b0f,d5db76e5
1857aa85,bada3021
0f1b95c9,87063c83
bbbb02f6,11062e7f
82c418b5,0629c786
4b46ae31,6291f8ec
89517b0f,a62cd6d0
33220101,6291f8ec
70a901f1,fbb3b632
60985cc1,4dc617f0
6e1e114d,87063c83
c54a642c,0629c786
31053aab,6291f8ec
249cd5ea,87063c83
806f213d,6291f8ec
8bd34189,6291f8ec
249cd5ea,0629c786
eadd1a3c,4159e460
8817c704,0629c786
ddc01ba2,057d3b7b
fd1e4fee,fbb3b632
6e1e114d,326791da
74df5029,4dc617f0
7d04ebda,6291f8ec
9fc3b916,87063c83
bada3021,69dee0f1
9efaa8f1,612ffe74
ec0885ba,2c4cf553
e9d64e63,349f0ad0
26dfddbb,f774f80d
629e251e,6291f8ec
6e1e114d,4dc617f0
4373feca,0629c786
fd06cfa9,0a309b60
c3baba3e,0629c786
ae9d1392,4dc617f0
b943b5ab,a6ceac57
bada3021,a6ceac57
89517b0f,aba07eed
5fa6806d,bf719b86
91c9c409,6291f8ec
56c70cd7,bf719b86
14acbddc,87063c83
89517b0f,c6ca0b34
485c8f85,68117c3d
34973e17,4e2eb41d
d1e851e4,87063c83
14acbddc,fbb3b632
d35dff2a,0feb9521
89517b0f,68117c3d
c3baba3e,68117c3d
bd70c06c,6291f8ec
3da9b3b3,96460f09
1cb4d360,96460f09
b943b5ab,0629c786
89517b0f,a6ceac57
89517b0f,349f0ad0
9efaa8f1,6291f8ec
10005f38,8d2679d3
54883e97,6291f8ec
85295f13,6291f8ec
78c9a060,bf719b86
3b1044ab,0629c786
2ae5ef1e,4dc617f0
7a918073,87063c83
70a901f1,96460f09
3a468d10,6291f8ec
13a1b078,6291f8ec
d737c134,bf719b86
d9340b10,6291f8ec
bada3021,78c60eb3
52fd82f8,44e1ffaa
4e8c42dd,6291f8ec
806f213d,bf719b86
c5ccb1ad,0c15f1e9
6aa12364,6291f8ec
c358e7b6,6291f8ec
eeb83c13,6291f8ec
af0b3e98,6291f8ec
b27821b0,6291f8ec
89517b0f,4e4871d5
a4260f15,bf719b86
b65eb46c,87063c83
64ee68b8,53ffa2e9
c88aac0a,6291f8ec
f106a927,4dc617f0
598d8982,0629c786
96bab241,96460f09
5e6229b1,283dd2ad
1bf409d8,6291f8ec
c9c4baef,6291f8ec
0f1b95c9,4dc617f0
489dc714,68117c3d
153850b0,6291f8ec
af0b3e98,34ca50e3
1857aa85,bf719b86
622b4052,87063c83
31bfdaf9,87063c83
9987122d,96460f09
8b31e9c6,6291f8ec
e6b0f871,87063c83
60985cc1,6291f8ec
7ff5c566,a6ceac57
5d479014,0629c786
fbded80a,6291f8ec
03e2cd64,53ffa2e9
bbbb02f6,2180fc5b
f127c05d,6291f8ec
31bfdaf9,28ff6174
498dbf4b,7b9d4e3f
17a0f47e,6291f8ec
f30a739a,ccaf5b6f
0ffc61a1,0629c786
cd928bff,96460f09
befd6f1e,6291f8ec
03e2cd64,6291f8ec
2b06f633,bf719b86
7c1cc8c2,6291f8ec
696dea45,6291f8ec
4ba582fb,87063c83
8d1d07dd,349f0ad0
e6b0f871,96460f09
89517b0f,0629c786
c3bac349,87063c83
3a468d10,96460f09
5a77b6bc,6291f8ec
89517b0f,4dc617f0
b82c4f87,87063c83
a8143202,87063c83
482770d2,6291f8ec
89517b0f,8d500d0b
ab7e324f,4dc617f0
eadd1a3c,5ca8fbd1
a23ac0dd,6291f8ec
85d44a20,6172d76a
0a36ab7b,6291f8ec
3bf705a9,acbc723a
aceac7a3,0c15f1e9
89517b0f,b95dc765
eadd1a3c,e767732a
2c8c5c82,6291f8ec
622b4052,6291f8ec
89517b0f,402eba4f
96bab241,0629c786
642e2cc8,e27f5edf
c86f5991,bf719b86
3bf705a9,6291f8ec
