211f5caa,48940c71
16e7ef9b,e83b9b9b
845e63f7,3da23c44
bb92611a,1acd92f9
58d55ab1,a72c50e4
399018c0,c791206d
c3baba3e,662a5540
d55f13fd,7691bd9f
a31122a3,74fef2a1
d2ab700c,eae5b6f3
f584d12f,8e22caf1
77376a5b,5d8be103
8782db65,8f51af04
3bf705a9,b768e3f4
e1ea5b42,1f47c387
77d79205,88d405ba
93f0eced,f897fc35
399018c0,b584fa0a
120c4041,4e71c540
fbe37f31,35853e07
23a986a9,5407428a
f3c16f68,74fef2a1
9ed76fe9,c89934fa
eeb83c13,9ad50ff1
f584d12f,250ac639
f584d12f,64a97008
f98bc0fe,25eb3708
5f7e6b55,4d0b9458
8f0e318e,74fef2a1
ece44ca0,256a1fba
6ef1fae2,4d0b9458
9e0c0b35,e1f2ba70
3f371cfc,35853e07
ad2584b7,77db2472
9e0c0b35,751512cc
74cf0f55,4d0b9458
0a83f58a,2fda2937
20c61072,57e513b9
e0294658,2007baaf
d55f13fd,1cf3043d
120c4041,76e54963
7d8f0c4a,d8fc9e00
120c4041,c014f9c2
f584d12f,6d132456
8efddacd,01ee7f4a
fb6789c9,d8a06390
054842eb,7a9f14bc
32566743,8e0a605e
2a2f04a5,7f18b550
93f0eced,4400308a
59d0db6c,df45c768
9179ab40,310bf84f
31aeb651,63224352
fbdb1d6e,74fef2a1
c912bbad,71fd294f
120c4041,bf926c2c
6de6a1ed,e12d66fb
0259f840,0ccffeac
77525728,82b060bf
f5144056,dd469a7a
f584d12f,67f67d79
8c3476c1,5a12a02c
c381b2e1,de2de1da
4aa682e5,82b060bf
a54e8a01,d7ff74d0
1857aa85,2f9cbef6
845e63f7,ef573c60
845e63f7,778e1270
c45431b2,51483bf1
03c6aed6,e83b9b9b
706b73c1,4d0b9458
845ee680,4d0b9458
fb6789c9,e944c0e1
9e0c0b35,76f25533
a59d06e6,bb0c3bc7
f584d12f,ffaf116a
f584d12f,6a1446a1
b440ca8d,2bd8f169
4d310a13,5e881f56
9e0c0b35,2ad47481
f584d12f,2de1d5ea
2653010c,e82ce992
713adf56,4e71c540
8f0e318e,48940c71
120c4041,0030d85b
4e82b3cc,d92e2374
9ed76fe9,872da2bd
120c4041,c1e89401
98af76af,4d0b9458
a80ce137,7340e87f
2653010c,b82ab178
1857aa85,4e71c540
af3ebaf5,653ca758
5a77b6bc,8ca94799
42454b51,df45c768
9fa92f79,044d385c
03c6aed6,1429a7b2
af3ebaf5,bd70ca58
bfa58bcd,952c271c
6aa12364,1d76258f
f584d12f,e83b9b9b
4aa682e5,558cc723
fb6789c9,c31028a5
845e63f7,95e2cdc0
fd2c7e9b,a25e0029
6e1e114d,74fef2a1
7ae88da2,1f47c387
845e63f7,7faa51fb
14cd04d4,e12d66fb
e1ea5b42,d9a94db8
9fa92f79,4d0b9458
1857aa85,8afba193
1e9dee01,4d45a5fa
38663fca,160f2966
77376a5b,ea7e9a8f
399018c0,00a6d0ac
f584d12f,7603ed6e
6ac9f6e0,a86ef073
120c4041,e83b9b9b
49df819c,413501ae
845e63f7,1493a3b3
89517b0f,35bf33e8
91d872e9,dd469a7a
0f44da6b,74fef2a1
d541e1e1,534df1b9
e30e644e,e2737975
b1bb83b0,2281fa09
7672ddbc,ca352a49
f8320841,74fef2a1
a40fc9a8,4f8fb078
03c6aed6,561f1876
9179ab40,caee932d
fcf36a4d,48940c71
4d310a13,e83b9b9b
1d57577c,e12d66fb
120c4041,7faa51fb
9b7a660c,d9a94db8
d541e1e1,788b702f
03c6aed6,87d2573c
845e63f7,645d74d2
5a77b6bc,d9a94db8
845e63f7,16f5aad5
4d310a13,ab5b62dc
2653010c,e83b9b9b
bada3021,e7f9ab8c
5a77b6bc,80366e46
9364b64d,f1210f8e
211f5caa,74fef2a1
de54ea04,1f47c387
89517b0f,2f9cbef6
f584d12f,7ad41013
c912bbad,7faa51fb
f30a739a,35d6f1a8
